{
  "MAE": 0.6687131118924287,
  "RMSE": 0.9458499727175724,
  "R2": 0.8948447630044059
}