{
  "MAE": 0.7259964229715861,
  "RMSE": 0.977581514664229,
  "R2": 0.8876708799441734
}