{
  "point": {
    "MAE": 0.4385755908104681,
    "RMSE": 0.646545294935674,
    "R2": 0.9508657536601767
  },
  "cp": {
    "0.1": {
      "q_by_bucket": {
        "high": 3.3216564655303977,
        "low": 0.582846474003148,
        "mid": 1.100121287889378
      },
      "PICP": 0.9548387096774194,
      "MPIW": 3.0865353417668566
    },
    "0.2": {
      "q_by_bucket": {
        "high": 1.445351219177246,
        "low": 0.43876960148682465,
        "mid": 0.813518160132952
      },
      "PICP": 0.8258064516129032,
      "MPIW": 1.7645605599378116
    }
  }
}