{
  "MAE": 0.4385755908104681,
  "RMSE": 0.646545294935674,
  "R2": 0.9508657536601767
}