{
  "MAE": 0.6712246759588624,
  "RMSE": 0.9498922801165882,
  "R2": 0.8939440321874671
}