{
  "MAE": 0.6841972340580542,
  "RMSE": 0.9765916746751304,
  "R2": 0.8878982401433011
}