{
  "point": {
    "MAE": 0.4503827110413582,
    "RMSE": 0.7573315118809552,
    "R2": 0.9325847043739932
  },
  "cp": {
    "0.1": {
      "q_by_bucket": {
        "high": 2.363560438156131,
        "low": 0.5758328759992448,
        "mid": 1.0454383409151466
      },
      "PICP": 0.9354838709677419,
      "MPIW": 2.5348801754808643
    },
    "0.2": {
      "q_by_bucket": {
        "high": 1.425075316429138,
        "low": 0.5066222242406896,
        "mid": 0.7418792170862998
      },
      "PICP": 0.8580645161290322,
      "MPIW": 1.7179883858207903
    }
  }
}