{
  "MAE": 0.4503827110413582,
  "RMSE": 0.7573315118809552,
  "R2": 0.9325847043739932
}