{
  "MAE": 0.6786063497365491,
  "RMSE": 0.9414400198212202,
  "R2": 0.8958230335618299
}