{
  "soap": {
    "rcut": 5.0,
    "nmax": 8,
    "lmax": 6,
    "sigma": 0.4,
    "pooling": "sum"
  },
  "krr": {
    "alpha": 1e-06,
    "kernel": "linear"
  },
  "cv": {
    "1e-06": {
      "mean_mae": 5.88966982093269,
      "std": 0.04711546886651016,
      "nfolds": 5
    },
    "5e-06": {
      "mean_mae": 5.8900029581921185,
      "std": 0.04942737866180596,
      "nfolds": 5
    },
    "1e-05": {
      "mean_mae": 5.890643959188717,
      "std": 0.0495414194852912,
      "nfolds": 5
    },
    "5e-05": {
      "mean_mae": 5.892307449820968,
      "std": 0.04904001802154247,
      "nfolds": 5
    },
    "0.0001": {
      "mean_mae": 5.892707980671655,
      "std": 0.0489175209142251,
      "nfolds": 5
    },
    "0.0005": {
      "mean_mae": 5.892649451326884,
      "std": 0.04958117992576638,
      "nfolds": 5
    },
    "0.001": {
      "mean_mae": 5.892282017727533,
      "std": 0.05043767457250686,
      "nfolds": 5
    },
    "0.005": {
      "mean_mae": 5.8912706319080765,
      "std": 0.05328455909647691,
      "nfolds": 5
    },
    "0.01": {
      "mean_mae": 5.891088151742237,
      "std": 0.05447312185961047,
      "nfolds": 5
    }
  },
  "counts": {
    "n_total": 993,
    "n_train_all": 839,
    "n_test": 154,
    "n_features": 252
  },
  "notes": "Trained on train_all_ids (excluding fixed test_ids) with fixed folds."
}