{
  "MAE": 5.916834143399264,
  "RMSE": 5.941466972112824,
  "R2": -3.1492898126910127
}