{
  "MAE": 0.7238545043594738,
  "RMSE": 1.0506706558828856,
  "R2": 0.8702463446812122
}