k,K,K_per_atom,R2,count
1,12.537952690584765,12.537952690584765,0.016145816027355875,100
2,17.683261486884252,8.841630743442126,0.07037563450800521,100
4,32.08698392087431,8.021745980218578,0.02777097920970817,100
8,48.809614536058795,6.101201817007349,0.10464105736539442,100
